Phone_Number_Suspected,Message
8100536846,"A corona infected person was visited in SHIHI, Gujrat; Sunak, Gujrat; Nspr10 Relation, Gujrat;  area in past 1 days and you were also present in the same region on the same dates for total 9 hours. So, please stop your movement even to your next door. If you find any symptoms of corona, then please contact to the local health care numbers."
9538481916,"A corona infected person was visited in SHIHI, Gujrat; Sunak, Gujrat; Nspr10 Relation, Gujrat;  area in past 1 days and you were also present in the same region on the same dates for total 18 hours. So, please stop your movement even to your next door. If you find any symptoms of corona, then please contact to the local health care numbers."
7501225132,"A corona infected person was visited in SHIHI, Gujrat; Sunak, Gujrat; Nspr10 Relation, Gujrat;  area in past 1 days and you were also present in the same region on the same dates for total 4 hours. So, please stop your movement even to your next door. If you find any symptoms of corona, then please contact to the local health care numbers."
8617488939,"A corona infected person was visited in SHIHI, Gujrat; Sunak, Gujrat; Nspr10 Relation, Gujrat;  area in past 1 days and you were also present in the same region on the same dates for total 12 hours. So, please stop your movement even to your next door. If you find any symptoms of corona, then please contact to the local health care numbers."
8250764754,"A corona infected person was visited in SHIHI, Gujrat; Sunak, Gujrat; Nspr10 Relation, Gujrat;  area in past 1 days and you were also present in the same region on the same dates for total 31 hours. So, please stop your movement even to your next door. If you find any symptoms of corona, then please contact to the local health care numbers."
